{
  "builds": [
    {
      "timestamp": "2025-02-27 14:05:48",
      "average_time": 0.005501270294189453,
      "details": {
        "roman": {
          "2025": 0.0056073665618896484,
          "2026": 0.005395174026489258
        }
      }
    }
  ],
  "build_times": [
    0.005501270294189453
  ]
}